feature_id	original_function	phase1_status	future_destination
kernel_install	install_xanmod_kernel	NOT_IMPLEMENTED	kernel/install
kernel_update	update_xanmod_kernel	NOT_IMPLEMENTED	kernel/update
kernel_uninstall	uninstall_xanmod	NOT_IMPLEMENTED	kernel/uninstall
BBR	bbr_configure_direct	NOT_IMPLEMENTED	apply/sysctl
FQ	apply_tc_fq_now	MOCK_VERIFIED	apply/network
CAKE	startbbrcake	POLICY_DRY_RUN_READY	apply/cake
bandwidth	detect_bandwidth	POLICY_DRY_RUN_READY	detect/bandwidth
Asia	calculate_buffer_size	POLICY_DRY_RUN_READY	profiles/original
Overseas	calculate_buffer_size	POLICY_DRY_RUN_READY	profiles/original
buffer	calculate_buffer_size	POLICY_DRY_RUN_READY	policy/buffer
31_sysctl	bbr_configure_direct	POLICY_DRY_RUN_READY	data/original-sysctl.tsv
low_memory	optimize_low_spec	POLICY_DRY_RUN_READY	profiles/low-spec
swap	check_and_suggest_swap	POLICY_DRY_RUN_READY	apply/swap
RPS	bbr_configure_direct	MOCK_VERIFIED	apply/network
RFS	bbr_configure_direct	MOCK_VERIFIED	apply/network
MSS	apply_mss_clamp	MOCK_VERIFIED	apply/network
route_IW	bbr_configure_direct	MOCK_VERIFIED	apply/network
THP	bbr_configure_direct	MOCK_VERIFIED	apply/system-resource
nofile	bbr_configure_direct	MOCK_VERIFIED	apply/system-resource
persistence	bbr_configure_direct	IMPLEMENTED	persistence/reconcile
status	show_detailed_status	IMPLEMENTED	ui-cli
Menu31_profiles	Kernel_optimize	DATA_READY	profiles
Menu66	one_click_optimize	NOT_IMPLEMENTED	orchestration
sysctl_apply	bbr_configure_direct	PHASE3_READY	apply/sysctl
sysctl_verify	bbr_configure_direct	PHASE3_READY	verify/sysctl
sysctl_rollback	bbr_configure_direct	PHASE3_READY	recovery/rollback
sysctl_conflict_detection	check_and_clean_conflicts	PHASE3_READY	apply/sysctl
sysctl_ownership	bbr_configure_direct	PHASE3_READY	recovery/ownership
sysctl_transaction	bbr_configure_direct	PHASE3_READY	core/transaction
network_transaction	bbr_configure_direct	MOCK_VERIFIED	core/network
system_resource_transaction	bbr_configure_direct	MOCK_VERIFIED	core/system-resource
kernel_lifecycle	install_xanmod_kernel	MOCK_VERIFIED	apply/kernel
reboot_resume	server_reboot	MOCK_VERIFIED	core/lifecycle
one_click	one_click_optimize	MOCK_VERIFIED	ui-cli
