ORIGINAL_FEATURE	ORIGINAL_FUNCTION	ORIGINAL_BEHAVIOR	CURRENT_IMPLEMENTATION	CURRENT_FUNCTION	CODE_EXISTS	WIRED_TO_MENU1	WIRED_TO_MENU3	ACTUALLY_EXECUTED	CURRENT_DEFAULT	CLASSIFICATION	DIFFERENCE	WHY_DIFFERENT	FIX_REQUIRED	TEST_STATUS
kernel_install	install_xanmod_kernel	Install XanMod and boot it	owned package lifecycle	orchestration_install/kernel_install_package	YES	YES	NO	YES	formal fixed kernel	ACTIVE_BUT_BEHAVIOR_CHANGED	v0.1.8 continued into AUTO after NOOP; v0.1.9 stops at kernel stage	transaction and fixed artifact safety	NO	FIXTURE_AND_REAL_V018
kernel_repair	install_xanmod_kernel	Reinstall or repair kernel	formal installed/running decision	orchestration_install	YES	YES	NO	YES	NOOP when verified	ACTIVE_BUT_BEHAVIOR_CHANGED	Explicit decision instead of unconditional package work	idempotency and fallback safety	NO	FIXTURE
kernel_update	update_xanmod_kernel	Update XanMod kernel	fixed formal package update	kernel_update_package	YES	MANUAL_CLI	NO	MANUAL_ONLY	fixed formal baseline	PRESERVED_MANUAL_ONLY	No rolling upstream repository update	formal artifact is release pinned	NO	FIXTURE
kernel_switch	install_xanmod_kernel	Select XanMod at reboot	one-shot GRUB entry	kernel_set_one_shot	YES	YES	NO	YES	one-shot then persistent	ACTIVE_BUT_BEHAVIOR_CHANGED	Validated one-shot precedes persistent default	fallback boot protection	NO	FIXTURE_AND_REAL_V018
kernel_uninstall	uninstall_xanmod	Remove XanMod with fallback	guarded package uninstall	kernel_uninstall_package	YES	MANUAL_CLI	NO	MANUAL_ONLY	blocked while running	ACTIVE_BUT_BEHAVIOR_CHANGED	Requires non-XanMod fallback and inactive target	boot safety	NO	FIXTURE
fallback_kernel	install_xanmod_kernel	Keep a bootable old kernel	capture and verify fallback	kernel_capture_fallback/kernel_protect_fallback	YES	YES	NO	YES	required	ACTIVE_AND_EQUIVALENT	Adds explicit recorded proof	boot safety enhancement	NO	FIXTURE_AND_REAL_V018
initramfs	install_xanmod_kernel	Build initramfs	update all installed kernel initramfs	kernel_install_package	YES	YES	NO	YES	required	ACTIVE_AND_EQUIVALENT	None material	-	NO	FIXTURE_AND_REAL_V018
grub	install_xanmod_kernel	Update GRUB and select kernel	one-shot plus saved persistent entry	kernel_set_one_shot/kernel_set_persistent_default	YES	YES	NO	YES	validated entry	ACTIVE_BUT_BEHAVIOR_CHANGED	v0.1.8 resume read an empty entry; v0.1.9 explicitly reads boot-entry	fix proven incident and preserve v0.1.7 design	NO	FIXTURE_AND_REAL_V018
reboot	server_reboot	Reboot after kernel install	verified countdown reboot	kernel_pre_reboot_verify/kernel_countdown_reboot	YES	YES	NO	YES	5 seconds	ACTIVE_BUT_BEHAVIOR_CHANGED	Adds blocking pre-reboot verification and readable notice	user and boot safety	NO	FIXTURE
post_boot_verify	one_click_optimize	Continue after XanMod boot	kernel-only resume and complete	persistence_resume_kernel	YES	YES	NO	YES	no network optimization	ACTIVE_BUT_BEHAVIOR_CHANGED	v0.1.8 stopped at WAIT_REBOOT on incident and otherwise applied only network/resources	separate kernel and optimization stages	NO	FIXTURE
bbr_cc	bbr_configure_direct	Set BBR congestion control	owned sysctl transaction	apply-sysctl	YES	NO	YES	YES	bbr	ACTIVE_AND_EQUIVALENT	Adds conflict detection rollback and readback	transaction safety	NO	FUNCTIONAL
fq_sysctl	bbr_configure_direct	Set default_qdisc fq	31-key owned sysctl plan	apply-sysctl	YES	NO	YES	YES	fq	ACTIVE_AND_EQUIVALENT	v0.1.8 code existed but failed install resume path	menu3 owns tuning	NO	FUNCTIONAL
fq_runtime	apply_tc_fq_now	Apply fq to active interfaces	topology-aware root or leaves	network_apply_qdisc	YES	NO	YES	YES	fq or mq+fq leaves	ACTIVE_BUT_BEHAVIOR_CHANGED	Preserves mq root and applies fq leaves	avoid destroying multiqueue topology	NO	FIXTURE
qdisc_verify	apply_tc_fq_now	Observe active qdisc	transaction readback	network_verify	YES	NO	YES	YES	must match fq topology	ACTIVE_BUT_BEHAVIOR_CHANGED	Failure prevents VERIFIED state	explicit readback safety	NO	FIXTURE
bandwidth_detect	detect_bandwidth	Choose automatic server manual server or manual value	interactive tuning input	tuning_choose_bandwidth	YES	NO	YES	YES	automatic speedtest	ACTIVE_AND_EQUIVALENT	v0.1.8 policy recorded zero probes and did not execute	wiring restored	NO	FUNCTIONAL
speedtest_auto	detect_bandwidth	Run real upload test	real Ookla CLI execution	tuning_auto_speedtest/tuning_run_speedtest	YES	NO	YES	YES	real upload Mbps	ACTIVE_AND_EQUIVALENT	No synthetic bandwidth in success path	-	NO	FUNCTIONAL_AND_REAL_66
speedtest_server_selection	detect_bandwidth	Try up to five nearby servers	parse nearby IDs and try five	tuning_auto_speedtest	YES	NO	YES	YES	up to five	ACTIVE_AND_EQUIVALENT	None material	-	NO	FUNCTIONAL
speedtest_manual_server	detect_bandwidth	Test explicit numeric server ID	server mode and ID	tuning_choose_bandwidth	YES	NO	YES	YES_ON_SELECTION	user ID	ACTIVE_AND_EQUIVALENT	None material	-	NO	FUNCTIONAL
manual_bandwidth	detect_bandwidth	Nine presets or custom positive value	manual mode	tuning_choose_bandwidth	YES	NO	YES	YES_ON_SELECTION	1000 preset	ACTIVE_AND_EQUIVALENT	None material	-	NO	FUNCTIONAL
speedtest_failure	detect_bandwidth	Offer 1000 or manual fallback	interactive fallback	tuning_fallback_bandwidth	YES	NO	YES	YES_ON_FAILURE	1000 or manual	ACTIVE_AND_EQUIVALENT	Noninteractive explicit CLI uses safe 1000 fallback	no prompt possible without TTY	NO	FUNCTIONAL
region_selection	bbr_configure_direct	Ask Asia or US/Europe	interactive explicit region	tuning_choose_region	YES	NO	YES	YES	Asia	ACTIVE_AND_EQUIVALENT	v0.1.8 auto-guessed/defaulted without formal prompt	wiring restored	NO	FUNCTIONAL
asia_buffer	calculate_buffer_size	Exact Asia table and fallback thresholds	runtime calculation	tuning_buffer_value/policy_buffer	YES	NO	YES	YES	from measured Mbps	ACTIVE_AND_EQUIVALENT	Fixed chained-shell fallback concatenation defect	correct original thresholds	NO	FUNCTIONAL
overseas_buffer	calculate_buffer_size	Exact overseas table and fallback thresholds	runtime calculation	tuning_buffer_value/policy_buffer	YES	NO	YES	YES	from measured Mbps	ACTIVE_AND_EQUIVALENT	Fixed chained-shell fallback concatenation defect	correct original thresholds	NO	FUNCTIONAL
invalid_buffer	calculate_buffer_size	Asia 16 overseas 64	validated fallback	tuning_buffer_value/policy_buffer	YES	NO	YES	YES_ON_INVALID	16/64	ACTIVE_AND_EQUIVALENT	Policy no longer performs arithmetic on invalid text	input correctness	NO	FUNCTIONAL
rejected_buffer	calculate_buffer_size	Asia 16 overseas 32	reject fallback passed to sysctl	tuning_choose_buffer/apply-sysctl --buffer-mib	YES	NO	YES	YES_ON_REJECT	16/32	ACTIVE_AND_EQUIVALENT	Displayed and applied values are now identical	end-to-end wiring	NO	FUNCTIONAL
sysctl_31	bbr_configure_direct	Apply all 31 original values	owned generated plan plus readback	make_sysctl_plan/apply_transaction/verify_plan	YES	NO	YES	YES	31/31 required	ACTIVE_BUT_BEHAVIOR_CHANGED	Unsupported or mismatched key fails and rolls back	stronger verification than original	NO	FUNCTIONAL
low_memory	bbr_configure_direct	RAM below 2GB branch 20/20/32768	RAM-derived 31-key plan	policy_low_memory	YES	NO	YES	YES	RAM branch	ACTIVE_AND_EQUIVALENT	None material	-	NO	FUNCTIONAL
swap	check_and_suggest_swap	Detect suggest create and persist swap	prompt plus owned swap transaction	tuning_choose_swap/swap_create_owned	YES	NO	YES	YES_CONDITIONAL	respect existing	ACTIVE_BUT_BEHAVIOR_CHANGED	Never modifies existing partition and creates project-owned file	ownership rollback and persistence safety	NO	FUNCTIONAL
rps	bbr_configure_direct	Set CPU mask on receive queues	capability-aware RPS apply	network_apply_rps	YES	NO	YES	YES_CONDITIONAL	skip single CPU/RSS	ACTIVE_BUT_BEHAVIOR_CHANGED	Applied only for single RX queue without RSS	avoid overriding hardware RSS	NO	FIXTURE
rfs	bbr_configure_direct	Set flow counts	rps_flow_cnt and rps_sock_flow_entries	network_apply_rps	YES	NO	YES	YES_CONDITIONAL	4096 per queue	ACTIVE_BUT_BEHAVIOR_CHANGED	Shares RPS applicability gate	avoid ineffective writes	NO	FIXTURE
mss	apply_mss_clamp	Clamp forwarded TCP MSS	owned nft/iptables rule	network_apply_mss	YES	NO	YES	YES_CONDITIONAL	forwarding hosts only	ACTIVE_BUT_BEHAVIOR_CHANGED	Skipped on non-forwarding endpoint	MSS clamp is irrelevant without forwarding	NO	FIXTURE
route_iw	bbr_configure_direct	Set initcwnd/initrwnd 32	identity-preserving default route replace	network_apply_route	YES	NO	YES	YES_CONDITIONAL	32/32 single route	ACTIVE_BUT_BEHAVIOR_CHANGED	Blocks multiple or multipath defaults	avoid route loss	NO	FIXTURE
thp	bbr_configure_direct	Set THP never	owned resource apply and boot reconcile	system_resource_apply	YES	NO	YES	YES	never	ACTIVE_AND_EQUIVALENT	Adds readback	-	NO	FUNCTIONAL
nofile	bbr_configure_direct	Set nofile 524288	limits file and service overrides	system_resource_apply	YES	NO	YES	YES	524288	ACTIVE_BUT_BEHAVIOR_CHANGED	Targets known running services and persistent login limits	actual service effectiveness	NO	FUNCTIONAL
cake	startbbrcake	Optional BBR plus CAKE	complex qdisc detection only	network_plan	PARTIAL	NO	NO	NO	FQ canonical path	INTENTIONALLY_SKIPPED_FOR_SAFETY	No automatic or advertised CAKE mutation	CAKE conflicts with required FQ path and existing owner protection	NO	AUDITED
temporary_profiles	Kernel_optimize	Four temporary Reality/low-spec profiles	metadata audit only	profile-metadata.tsv	DATA_ONLY	NO	NO	NO	canonical direct BBRv3 workflow	REMOVED_WITH_DOCUMENTED_REASON	Standalone profiles are outside menu3 canonical flow and some touch excluded Realm settings	avoid unrelated tools and nonpersistent conflicting profiles	NO	AUDITED
persistence	bbr_configure_direct	Restore tuning after boot	stage-aware owned reconcile	persistence_reconcile	YES	YES_KERNEL_ONLY	YES	YES	optimization marker gated	ACTIVE_BUT_BEHAVIOR_CHANGED	Kernel resume cannot auto-optimize; applied tuning restores all three layers	workflow separation and ownership	NO	FIXTURE
idempotency	bbr_configure_direct	Repeat writes	verified NOOP or explicit re-optimize	transactions and orchestration	YES	YES	YES	YES	menu1 NOOP menu3 re-runs inputs	ACTIVE_BUT_BEHAVIOR_CHANGED	Repeated menu3 intentionally retests and recalculates	user explicitly requested re-optimization	NO	FUNCTIONAL
