feature_id	original_file	original_function	original_line_start	original_line_end	original_behavior	baseline_sha256
sysctl-menu3	bbrv3-only-original.sh	bbr_configure_direct	1421	1866	write and apply 31 original sysctls	6630447fa25c42f4050c5745540cab2eef15f9e8f6dca201288bf98d4b602993
buffer-tables	bbrv3-only-original.sh	calculate_buffer_size	1050	1198	Asia/Overseas tables and fallback	6630447fa25c42f4050c5745540cab2eef15f9e8f6dca201288bf98d4b602993
bandwidth	bbrv3-only-original.sh	detect_bandwidth	567	1049	automatic/manual/preset bandwidth	6630447fa25c42f4050c5745540cab2eef15f9e8f6dca201288bf98d4b602993
kernel-install	bbrv3-only-original.sh	install_xanmod_kernel	2020	2218	XanMod install and reboot	6630447fa25c42f4050c5745540cab2eef15f9e8f6dca201288bf98d4b602993
profiles	bbrv3-only-original.sh	Kernel_optimize	4866	4926	Menu31 profile dispatcher	6630447fa25c42f4050c5745540cab2eef15f9e8f6dca201288bf98d4b602993
persistence	bbrv3-only-original.sh	bbr_configure_direct	1588	1630	helper and systemd persistence	6630447fa25c42f4050c5745540cab2eef15f9e8f6dca201288bf98d4b602993
fq	bbrv3-only-original.sh	apply_tc_fq_now	1387	1400	apply active fq	6630447fa25c42f4050c5745540cab2eef15f9e8f6dca201288bf98d4b602993
cake	bbrv3-only-original.sh	startbbrcake	5264	5286	BBR plus CAKE mode	6630447fa25c42f4050c5745540cab2eef15f9e8f6dca201288bf98d4b602993
low-memory	bbrv3-only-original.sh	optimize_low_spec	2690	2781	low spec temporary profile	6630447fa25c42f4050c5745540cab2eef15f9e8f6dca201288bf98d4b602993
swap	bbrv3-only-original.sh	check_and_suggest_swap	1199	1297	swap detection and suggestion	6630447fa25c42f4050c5745540cab2eef15f9e8f6dca201288bf98d4b602993
rps	bbrv3-only-original.sh	bbr_configure_direct	1627	1858	RPS/RFS for CPU greater than one	6630447fa25c42f4050c5745540cab2eef15f9e8f6dca201288bf98d4b602993
mss	bbrv3-only-original.sh	apply_mss_clamp	1401	1420	FORWARD TCPMSS clamp	6630447fa25c42f4050c5745540cab2eef15f9e8f6dca201288bf98d4b602993
route-iw	bbrv3-only-original.sh	bbr_configure_direct	1810	1840	initcwnd/initrwnd 32	6630447fa25c42f4050c5745540cab2eef15f9e8f6dca201288bf98d4b602993
thp	bbrv3-only-original.sh	bbr_configure_direct	1580	1586	transparent huge pages never	6630447fa25c42f4050c5745540cab2eef15f9e8f6dca201288bf98d4b602993
nofile	bbrv3-only-original.sh	bbr_configure_direct	1610	1626	limits.conf and shell limit	6630447fa25c42f4050c5745540cab2eef15f9e8f6dca201288bf98d4b602993
status	bbrv3-only-original.sh	show_detailed_status	2369	2459	detailed runtime status	6630447fa25c42f4050c5745540cab2eef15f9e8f6dca201288bf98d4b602993
kernel-update	bbrv3-only-original.sh	update_xanmod_kernel	5011	5202	XanMod update path	6630447fa25c42f4050c5745540cab2eef15f9e8f6dca201288bf98d4b602993
kernel-uninstall	bbrv3-only-original.sh	uninstall_xanmod	5203	5263	XanMod uninstall and fallback check	6630447fa25c42f4050c5745540cab2eef15f9e8f6dca201288bf98d4b602993
menu31	bbrv3-only-original.sh	Kernel_optimize	4866	4926	profile dispatcher	6630447fa25c42f4050c5745540cab2eef15f9e8f6dca201288bf98d4b602993
menu66	bbrv3-only-original.sh	one_click_optimize	4927	5010	two-stage orchestration	6630447fa25c42f4050c5745540cab2eef15f9e8f6dca201288bf98d4b602993
kernel-install	bbrv3-only-original.sh	install_xanmod_kernel	2020	2218	XanMod install path	6630447fa25c42f4050c5745540cab2eef15f9e8f6dca201288bf98d4b602993
reboot	bbrv3-only-original.sh	server_reboot	548	565	reboot dispatch	6630447fa25c42f4050c5745540cab2eef15f9e8f6dca201288bf98d4b602993
reality	bbrv3-only-original.sh	optimize_reality_ultimate	2567	2689	Reality profile	6630447fa25c42f4050c5745540cab2eef15f9e8f6dca201288bf98d4b602993
xinchendahai	bbrv3-only-original.sh	optimize_xinchendahai	2460	2566	Xinchendahai profile	6630447fa25c42f4050c5745540cab2eef15f9e8f6dca201288bf98d4b602993
xinchendahai-original	bbrv3-only-original.sh	optimize_xinchendahai_original	2782	2910	original Xinchendahai profile	6630447fa25c42f4050c5745540cab2eef15f9e8f6dca201288bf98d4b602993
