name	value
VERSION	0.1.10
TAG	v0.1.10
SOURCE_TREE_HASH	recorded-in-FREEZE_INFO
SUPPORTED_OS	Debian 12
SUPPORTED_ARCH	AMD64/x86_64
FORMAL_KERNEL	6.18.54-x64v3-xanmod1
FORMAL_KERNEL_SHA256	0d685918e68cb7e764861ebaf276aec94350dbb18d15fc511e4776533a81a090
KERNEL_PACKAGE	linux-image-6.18.54-x64v3-xanmod1_6.18.54-x64v3-xanmod1-0.20260925.g8bab3e0_amd64.deb
KERNEL_PACKAGE_SHA256	0d685918e68cb7e764861ebaf276aec94350dbb18d15fc511e4776533a81a090
FUNCTIONAL_ACCEPTANCE	PASS
SAFETY_ACCEPTANCE	PASS
RECOVERY_ACCEPTANCE	PASS
PERSISTENCE_ACCEPTANCE	PASS
KERNEL_ACCEPTANCE	PASS
NETWORK_PERFORMANCE_ACCEPTANCE	REAL_SPEEDTEST_PASS_66.245.216.211
ORIGINAL_BBRV3_RUNTIME_AUDIT	PASS_38_FEATURES
WORKFLOW_SEPARATION_ACCEPTANCE	PASS
REAL_SERVER_PERSISTENCE_ACCEPTANCE	PASS
GLOBAL_MIXED_POLICY	GLOBAL_MIXED_OVERSEAS_CURVE_V1
GLOBAL_REAL_SERVER_ACCEPTANCE	PASS_66.245.216.211
GLOBAL_REBOOT_ACCEPTANCE	PASS
UPSTREAM_BASELINE	Eric86777/vps-tcp-tune
CREATED_UTC	recorded-in-FREEZE_INFO
